State,TotalPop,Hispanic,White,Black,Native,Asian,Pacific,Income,GenderPop,Unnamed: 0
Alabama,4830620,3.7516156462584975%,61.878656462585%,31.25297619047618%,0.4532312925170065%,1.0502551020408146%,0.03435374149659865%,$43296.35860306644,2341093M_2489527F,
Alaska,733375,5.909580838323351%,60.910179640718574%,2.8485029940119775%,16.39101796407186%,5.450299401197604%,1.0586826347305378%,$70354.74390243902,384160M_349215F,
Arizona,6641928,29.565921052631502%,57.120000000000026%,3.8509868421052658%,4.35506578947368%,2.876578947368419%,0.16763157894736833%,$54207.82095490716,3299088M_3342840F,
Arkansas,2958208,6.215474452554738%,71.13781021897813%,18.968759124087573%,0.5229197080291965%,1.1423357664233578%,0.14686131386861315%,$41935.63396778917,1451913M_1506295F,
California,38421464,37.291874687968054%,40.21578881677474%,5.677396405391911%,0.40529206190713685%,13.052234148776776%,0.35141038442336353%,$67264.78230266465,19087135M_19334329F,
Colorado,5278906,20.78438003220608%,69.89557165861504%,3.546376811594201%,0.5738325281803548%,2.661996779388082%,,$64657.801787164906,2648667M_2630239F,
Colorado,5278906,20.78438003220608%,69.89557165861504%,3.546376811594201%,0.5738325281803548%,2.661996779388082%,,$64657.801787164906,2648667M_2630239F,
Connecticut,3593222,15.604830917874388%,67.6770531400966%,10.34806763285027%,0.12620772946859898%,4.021980676328502%,0.018599033816425123%,$76146.5605875153,1751607M_1841615F,
Delaware,926454,8.82476635514019%,64.63271028037383%,20.743925233644834%,0.25981308411214965%,3.2686915887850483%,,$61827.97663551402,448413M_478041F,
District of Columbia,647484,9.165921787709499%,33.103910614525134%,51.77653631284915%,0.20055865921787713%,3.3832402234636865%,0.029608938547486034%,$75466.36363636363,306674M_340810F,
Florida,19645772,21.3385426653884%,59.08374880153398%,15.165675934803444%,0.2104506232023015%,2.2831735378715257%,0.05151006711409391%,$50690.194986743794,9600009M_10045763F,
Georgia,10006693,8.418242207460397%,54.28630556974962%,32.08829841594277%,0.18758303525804798%,3.0976494634644895%,0.046601941747572824%,$50811.08205128205,4883331M_5123362F,
Georgia,10006693,8.418242207460397%,54.28630556974962%,32.08829841594277%,0.18758303525804798%,3.0976494634644895%,0.046601941747572824%,$50811.08205128205,4883331M_5123362F,
Hawaii,1406299,9.186708860759486%,25.032278481012657%,2.052848101265823%,0.1449367088607596%,36.59208860759495%,8.758860759493672%,$73264.42628205128,709871M_696428F,
Idaho,1616547,11.505369127516781%,83.1362416107383%,0.5667785234899323%,1.468120805369128%,1.135906040268457%,0.1271812080536914%,$48017.31543624161,810464M_806083F,
Illinois,12873761,15.601733547351516%,60.85980738362764%,17.108410914927717%,0.11842696629213499%,4.475377207062604%,0.02003210272873195%,$59587.04887459807,6316899M_6556862F,
Indiana,6568645,6.536744186046501%,78.43189368770771%,11.18697674418606%,0.1940863787375415%,1.5782724252491687%,0.03262458471760798%,$48616.22784810127,3235263M_3333382F,
Iowa,3093526,5.30364520048603%,87.71968408262464%,3.2569866342648868%,0.2897934386391251%,1.699392466585662%,0.055164034021871235%,$53017.75304136253,1534595M_1558931F,
Iowa,3093526,5.30364520048603%,87.71968408262464%,3.2569866342648868%,0.2897934386391251%,1.699392466585662%,0.055164034021871235%,$53017.75304136253,1534595M_1558931F,
Kansas,2892987,11.644342105263148%,75.95828947368425%,6.5678947368421%,0.7339473684210529%,2.331052631578946%,,$53885.612648221344,1439862M_1453125F,
Kentucky,4397353,3.222993688007212%,85.2307484220019%,8.272317403065832%,0.1666366095581602%,1.1298467087466182%,0.046438232642019836%,$45285.80253623189,2164208M_2233145F,
Louisiana,4625253,4.866489361702128%,54.978546099290796%,36.32624113475175%,0.48430851063829816%,1.669060283687941%,0.039184397163120555%,$44957.99376114082,2261156M_2364097F,
Maine,1329100,1.4319088319088318%,93.70740740740736%,1.1344729344729356%,0.7883190883190888%,0.9658119658119669%,0.01566951566951567%,$49181.97435897436,650081M_679019F,
Maryland,5930538,8.47249820014399%,52.679049676026%,30.6777537796976%,0.20309575233981278%,5.325413966882652%,0.03628509719222463%,$78765.40072463769,2872643M_F,
Maryland,5930538,8.47249820014399%,52.679049676026%,30.6777537796976%,0.20309575233981278%,5.325413966882652%,0.03628509719222463%,$78765.40072463769,2872643M_F,
Massachusetts,6705586,11.461065573770476%,73.04105191256845%,6.83312841530056%,0.12827868852459007%,5.835655737704914%,0.0198087431693989%,$72838.93672627235,3249650M_3455936F,
Michigan,9900571,4.634992732558134%,72.38172238372084%,17.633103197674423%,0.48441133720930313%,2.4231104651162796%,0.01954941860465116%,$51201.83003663004,4861973M_5038598F,
Minnesota,5419171,5.152923538230896%,81.42706146926535%,5.65982008995502%,1.069040479760119%,4.156071964017996%,0.032908545727136446%,$62820.833959429,2692166M_2727005F,
Mississippi,2988081,2.842401215805473%,53.28632218844981%,41.491945288753804%,0.3899696048632216%,0.8764437689969605%,0.015045592705167175%,$38909.91920731707,1451723M_1536358F,
Missouri,6045448,4.037247838616718%,77.508069164265%,14.122118155619594%,0.36332853025936646%,1.6244956772334296%,0.10165706051873193%,$49763.98772563177,2964003M_3081445F,
Missouri,6045448,4.037247838616718%,77.508069164265%,14.122118155619594%,0.36332853025936646%,1.6244956772334296%,0.10165706051873193%,$49763.98772563177,2964003M_3081445F,
Montana,1014699,3.2688888888888896%,86.41555555555554%,0.4292592592592591%,7.0607407407407425%,0.5703703703703705%,0.07222222222222222%,$47645.682835820895,510163M_F,
Nebraska,1869365,9.203759398496235%,81.13947368421056%,4.956203007518794%,0.8644736842105263%,1.8590225563909788%,0.05714285714285715%,$55916.469696969696,929606M_939759F,
Nevada,2798636,27.100883652430046%,53.23932253313698%,7.739617083946994%,1.0871870397643593%,7.095729013254786%,0.5745213549337267%,$55526.525073746314,1407735M_1390901F,
New Hampshire,1324201,3.3219178082191796%,91.31917808219184%,1.2277397260273974%,0.14280821917808229%,2.191438356164382%,0.016095890410958904%,$68728.8595890411,653484M_670717F,
New Jersey,8904413,18.74950049950049%,56.488761238761285%,14.387862137862117%,0.11533466533466513%,8.159990009990018%,0.031318681318681325%,$76581.08341708542,4343027M_4561386F,
New Jersey,8904413,18.74950049950049%,56.488761238761285%,14.387862137862117%,0.11533466533466513%,8.159990009990018%,0.031318681318681325%,$76581.08341708542,4343027M_4561386F,
New Mexico,2084117,45.28293172690762%,40.69799196787147%,1.7550200803212852%,9.248594377510045%,1.23433734939759%,0.04277108433734938%,$47329.96787148595,1032414M_1051703F,
New York,19673174,17.241424747786684%,56.4701050030883%,15.668046119003515%,0.32163887173152117%,7.8971587399629355%,0.023450689726168417%,$64290.74911292006,9541801M_10131373F,
North Carolina,9845333,8.464762782128062%,64.5976508521419%,21.3951174573929%,1.0854905573468434%,2.317457392906495%,0.05232611699677568%,$49937.46413697362,4795408M_5049925F,
North Dakota,721640,2.832682926829267%,87.44829268292683%,1.2843902439024397%,5.651219512195119%,0.9619512195121945%,,$58188.112195121954,367963M_353677F,
Ohio,11575977,3.6720843250595037%,75.90306018361096%,16.207276436586163%,0.16888813328799712%,1.6210812648758952%,0.022645358721523304%,$49655.24846625767,5662893M_5913084F,
Ohio,11575977,3.6720843250595037%,75.90306018361096%,16.207276436586163%,0.16888813328799712%,1.6210812648758952%,0.022645358721523304%,$49655.24846625767,5662893M_5913084F,
Oklahoma,3849733,10.0799043062201%,66.05942583732046%,8.314736842105255%,6.716842105263157%,1.8011483253588516%,0.10622009569377985%,$48100.85426653883,1906944M_1942789F,
Oregon,3939233,11.441212121212132%,78.39551515151517%,1.730787878787877%,1.0002424242424257%,3.594909090909088%,0.3453333333333332%,$54271.90181818182,1948453M_1990780F,
Pennsylvania,12779559,6.128013741411624%,77.38385384134914%,11.633947532791995%,0.11926920674578385%,2.7977514053716495%,0.019394128669581522%,$56170.46451005025,6245344M_6534215F,
Puerto Rico,3583073,98.89357384441935%,0.7736189402480265%,0.0925591882750846%,0.0028184892897406984%,0.07519729425028186%,0.0012401352874859078%,$20720.538285714287,1713860M_1869213F,
Rhode Island,1053661,13.356666666666678%,74.32541666666665%,5.68291666666667%,0.3462500000000001%,3.2474999999999983%,0.035833333333333335%,$59125.270833333336,510388M_543273F,
Rhode Island,1053661,13.356666666666678%,74.32541666666665%,5.68291666666667%,0.3462500000000001%,3.2474999999999983%,0.035833333333333335%,$59125.270833333336,510388M_543273F,
South Carolina,4777576,5.056684981684991%,62.888736263736185%,28.75091575091577%,0.2923992673992673%,1.249175824175822%,0.046978021978021964%,$46296.807763401106,2322409M_2455167F,
South Dakota,843190,3.2396396396396376%,82.50090090090092%,1.4238738738738752%,9.417567567567566%,1.0193693693693688%,0.04189189189189189%,$51805.40540540541,423477M_419713F,
Tennessee,6499615,4.720026972353339%,73.49008766014822%,18.283816587997297%,0.22663519892110592%,1.4072825354012126%,0.04315576534052599%,$47328.083616587355,3167756M_3331859F,
Texas,26538614,38.04673809068304%,44.687908934379145%,11.65004782858236%,0.26114405969007126%,3.6696958102161825%,0.06881576430074614%,$55874.522600500095,13171316M_13367298F,
Utah,2903379,13.468376068376063%,79.40683760683764%,1.0179487179487194%,1.0813675213675222%,2.196068376068376%,0.8259829059829059%,$63488.91780821918,1459229M_1444150F,
Utah,2903379,13.468376068376063%,79.40683760683764%,1.0179487179487194%,1.0813675213675222%,2.196068376068376%,0.8259829059829059%,$63488.91780821918,1459229M_1444150F,
Vermont,626604,1.6092896174863391%,93.98306010928961%,0.9808743169398909%,0.301639344262295%,1.2387978142076501%,0.03060109289617486%,$55602.96721311475,308573M_318031F,
Virginia,8256630,8.0110164981373%,63.271048430015945%,20.17599787120807%,0.21245343267695582%,5.455242150079845%,0.06471527408195847%,$72866.01341201717,4060948M_4195682F,
Washington,6985464,11.140968858131506%,72.03840830449816%,3.384429065743947%,1.4107266435986163%,7.022006920415224%,0.609896193771627%,$64493.76768377254,3487725M_3497739F,
West Virginia,1851420,1.290909090909089%,92.17623966942146%,3.6628099173553723%,0.15268595041322316%,0.6824380165289253%,0.02644628099173554%,$41437.11157024794,913631M_937789F,
Wisconsin,5742117,6.683333333333334%,79.86400862068966%,8.195186781609202%,0.9536637931034483%,2.404238505747124%,0.020833333333333332%,$53898.889208633096,2851385M_2890732F,
Alabama,4830620,3.7516156462584975%,61.878656462585%,31.25297619047618%,0.4532312925170065%,1.0502551020408146%,0.03435374149659865%,$43296.35860306644,2341093M_2489527F,
Alaska,733375,5.909580838323351%,60.910179640718574%,2.8485029940119775%,16.39101796407186%,5.450299401197604%,1.0586826347305378%,$70354.74390243902,384160M_349215F,
Arizona,6641928,29.565921052631502%,57.120000000000026%,3.8509868421052658%,4.35506578947368%,2.876578947368419%,0.16763157894736833%,$54207.82095490716,3299088M_3342840F,
Arkansas,2958208,6.215474452554738%,71.13781021897813%,18.968759124087573%,0.5229197080291965%,1.1423357664233578%,0.14686131386861315%,$41935.63396778917,1451913M_1506295F,
California,38421464,37.291874687968054%,40.21578881677474%,5.677396405391911%,0.40529206190713685%,13.052234148776776%,0.35141038442336353%,$67264.78230266465,19087135M_19334329F,
Colorado,5278906,20.78438003220608%,69.89557165861504%,3.546376811594201%,0.5738325281803548%,2.661996779388082%,,$64657.801787164906,2648667M_2630239F,
Colorado,5278906,20.78438003220608%,69.89557165861504%,3.546376811594201%,0.5738325281803548%,2.661996779388082%,,$64657.801787164906,2648667M_2630239F,
Connecticut,3593222,15.604830917874388%,67.6770531400966%,10.34806763285027%,0.12620772946859898%,4.021980676328502%,0.018599033816425123%,$76146.5605875153,1751607M_1841615F,
Delaware,926454,8.82476635514019%,64.63271028037383%,20.743925233644834%,0.25981308411214965%,3.2686915887850483%,,$61827.97663551402,448413M_478041F,
District of Columbia,647484,9.165921787709499%,33.103910614525134%,51.77653631284915%,0.20055865921787713%,3.3832402234636865%,0.029608938547486034%,$75466.36363636363,306674M_340810F,
Florida,19645772,21.3385426653884%,59.08374880153398%,15.165675934803444%,0.2104506232023015%,2.2831735378715257%,0.05151006711409391%,$50690.194986743794,9600009M_10045763F,
Georgia,10006693,8.418242207460397%,54.28630556974962%,32.08829841594277%,0.18758303525804798%,3.0976494634644895%,0.046601941747572824%,$50811.08205128205,4883331M_5123362F,
Georgia,10006693,8.418242207460397%,54.28630556974962%,32.08829841594277%,0.18758303525804798%,3.0976494634644895%,0.046601941747572824%,$50811.08205128205,4883331M_5123362F,
Hawaii,1406299,9.186708860759486%,25.032278481012657%,2.052848101265823%,0.1449367088607596%,36.59208860759495%,8.758860759493672%,$73264.42628205128,709871M_696428F,
Idaho,1616547,11.505369127516781%,83.1362416107383%,0.5667785234899323%,1.468120805369128%,1.135906040268457%,0.1271812080536914%,$48017.31543624161,810464M_806083F,
Illinois,12873761,15.601733547351516%,60.85980738362764%,17.108410914927717%,0.11842696629213499%,4.475377207062604%,0.02003210272873195%,$59587.04887459807,6316899M_6556862F,
Indiana,6568645,6.536744186046501%,78.43189368770771%,11.18697674418606%,0.1940863787375415%,1.5782724252491687%,0.03262458471760798%,$48616.22784810127,3235263M_3333382F,
Iowa,3093526,5.30364520048603%,87.71968408262464%,3.2569866342648868%,0.2897934386391251%,1.699392466585662%,0.055164034021871235%,$53017.75304136253,1534595M_1558931F,
Iowa,3093526,5.30364520048603%,87.71968408262464%,3.2569866342648868%,0.2897934386391251%,1.699392466585662%,0.055164034021871235%,$53017.75304136253,1534595M_1558931F,
Kansas,2892987,11.644342105263148%,75.95828947368425%,6.5678947368421%,0.7339473684210529%,2.331052631578946%,,$53885.612648221344,1439862M_1453125F,
Kentucky,4397353,3.222993688007212%,85.2307484220019%,8.272317403065832%,0.1666366095581602%,1.1298467087466182%,0.046438232642019836%,$45285.80253623189,2164208M_2233145F,
Louisiana,4625253,4.866489361702128%,54.978546099290796%,36.32624113475175%,0.48430851063829816%,1.669060283687941%,0.039184397163120555%,$44957.99376114082,2261156M_2364097F,
Maine,1329100,1.4319088319088318%,93.70740740740736%,1.1344729344729356%,0.7883190883190888%,0.9658119658119669%,0.01566951566951567%,$49181.97435897436,650081M_679019F,
Maryland,5930538,8.47249820014399%,52.679049676026%,30.6777537796976%,0.20309575233981278%,5.325413966882652%,0.03628509719222463%,$78765.40072463769,2872643M_F,
Maryland,5930538,8.47249820014399%,52.679049676026%,30.6777537796976%,0.20309575233981278%,5.325413966882652%,0.03628509719222463%,$78765.40072463769,2872643M_F,
Massachusetts,6705586,11.461065573770476%,73.04105191256845%,6.83312841530056%,0.12827868852459007%,5.835655737704914%,0.0198087431693989%,$72838.93672627235,3249650M_3455936F,
Michigan,9900571,4.634992732558134%,72.38172238372084%,17.633103197674423%,0.48441133720930313%,2.4231104651162796%,0.01954941860465116%,$51201.83003663004,4861973M_5038598F,
Minnesota,5419171,5.152923538230896%,81.42706146926535%,5.65982008995502%,1.069040479760119%,4.156071964017996%,0.032908545727136446%,$62820.833959429,2692166M_2727005F,
Mississippi,2988081,2.842401215805473%,53.28632218844981%,41.491945288753804%,0.3899696048632216%,0.8764437689969605%,0.015045592705167175%,$38909.91920731707,1451723M_1536358F,
Missouri,6045448,4.037247838616718%,77.508069164265%,14.122118155619594%,0.36332853025936646%,1.6244956772334296%,0.10165706051873193%,$49763.98772563177,2964003M_3081445F,
Missouri,6045448,4.037247838616718%,77.508069164265%,14.122118155619594%,0.36332853025936646%,1.6244956772334296%,0.10165706051873193%,$49763.98772563177,2964003M_3081445F,
Montana,1014699,3.2688888888888896%,86.41555555555554%,0.4292592592592591%,7.0607407407407425%,0.5703703703703705%,0.07222222222222222%,$47645.682835820895,510163M_F,
Nebraska,1869365,9.203759398496235%,81.13947368421056%,4.956203007518794%,0.8644736842105263%,1.8590225563909788%,0.05714285714285715%,$55916.469696969696,929606M_939759F,
Nevada,2798636,27.100883652430046%,53.23932253313698%,7.739617083946994%,1.0871870397643593%,7.095729013254786%,0.5745213549337267%,$55526.525073746314,1407735M_1390901F,
New Hampshire,1324201,3.3219178082191796%,91.31917808219184%,1.2277397260273974%,0.14280821917808229%,2.191438356164382%,0.016095890410958904%,$68728.8595890411,653484M_670717F,
New Jersey,8904413,18.74950049950049%,56.488761238761285%,14.387862137862117%,0.11533466533466513%,8.159990009990018%,0.031318681318681325%,$76581.08341708542,4343027M_4561386F,
New Jersey,8904413,18.74950049950049%,56.488761238761285%,14.387862137862117%,0.11533466533466513%,8.159990009990018%,0.031318681318681325%,$76581.08341708542,4343027M_4561386F,
New Mexico,2084117,45.28293172690762%,40.69799196787147%,1.7550200803212852%,9.248594377510045%,1.23433734939759%,0.04277108433734938%,$47329.96787148595,1032414M_1051703F,
New York,19673174,17.241424747786684%,56.4701050030883%,15.668046119003515%,0.32163887173152117%,7.8971587399629355%,0.023450689726168417%,$64290.74911292006,9541801M_10131373F,
North Carolina,9845333,8.464762782128062%,64.5976508521419%,21.3951174573929%,1.0854905573468434%,2.317457392906495%,0.05232611699677568%,$49937.46413697362,4795408M_5049925F,
North Dakota,721640,2.832682926829267%,87.44829268292683%,1.2843902439024397%,5.651219512195119%,0.9619512195121945%,,$58188.112195121954,367963M_353677F,
Ohio,11575977,3.6720843250595037%,75.90306018361096%,16.207276436586163%,0.16888813328799712%,1.6210812648758952%,0.022645358721523304%,$49655.24846625767,5662893M_5913084F,
Ohio,11575977,3.6720843250595037%,75.90306018361096%,16.207276436586163%,0.16888813328799712%,1.6210812648758952%,0.022645358721523304%,$49655.24846625767,5662893M_5913084F,
Oklahoma,3849733,10.0799043062201%,66.05942583732046%,8.314736842105255%,6.716842105263157%,1.8011483253588516%,0.10622009569377985%,$48100.85426653883,1906944M_1942789F,
Oregon,3939233,11.441212121212132%,78.39551515151517%,1.730787878787877%,1.0002424242424257%,3.594909090909088%,0.3453333333333332%,$54271.90181818182,1948453M_1990780F,
Pennsylvania,12779559,6.128013741411624%,77.38385384134914%,11.633947532791995%,0.11926920674578385%,2.7977514053716495%,0.019394128669581522%,$56170.46451005025,6245344M_6534215F,
Puerto Rico,3583073,98.89357384441935%,0.7736189402480265%,0.0925591882750846%,0.0028184892897406984%,0.07519729425028186%,0.0012401352874859078%,$20720.538285714287,1713860M_1869213F,
Rhode Island,1053661,13.356666666666678%,74.32541666666665%,5.68291666666667%,0.3462500000000001%,3.2474999999999983%,0.035833333333333335%,$59125.270833333336,510388M_543273F,
Rhode Island,1053661,13.356666666666678%,74.32541666666665%,5.68291666666667%,0.3462500000000001%,3.2474999999999983%,0.035833333333333335%,$59125.270833333336,510388M_543273F,
South Carolina,4777576,5.056684981684991%,62.888736263736185%,28.75091575091577%,0.2923992673992673%,1.249175824175822%,0.046978021978021964%,$46296.807763401106,2322409M_2455167F,
South Dakota,843190,3.2396396396396376%,82.50090090090092%,1.4238738738738752%,9.417567567567566%,1.0193693693693688%,0.04189189189189189%,$51805.40540540541,423477M_419713F,
Tennessee,6499615,4.720026972353339%,73.49008766014822%,18.283816587997297%,0.22663519892110592%,1.4072825354012126%,0.04315576534052599%,$47328.083616587355,3167756M_3331859F,
Texas,26538614,38.04673809068304%,44.687908934379145%,11.65004782858236%,0.26114405969007126%,3.6696958102161825%,0.06881576430074614%,$55874.522600500095,13171316M_13367298F,
Utah,2903379,13.468376068376063%,79.40683760683764%,1.0179487179487194%,1.0813675213675222%,2.196068376068376%,0.8259829059829059%,$63488.91780821918,1459229M_1444150F,
Utah,2903379,13.468376068376063%,79.40683760683764%,1.0179487179487194%,1.0813675213675222%,2.196068376068376%,0.8259829059829059%,$63488.91780821918,1459229M_1444150F,
Vermont,626604,1.6092896174863391%,93.98306010928961%,0.9808743169398909%,0.301639344262295%,1.2387978142076501%,0.03060109289617486%,$55602.96721311475,308573M_318031F,
Virginia,8256630,8.0110164981373%,63.271048430015945%,20.17599787120807%,0.21245343267695582%,5.455242150079845%,0.06471527408195847%,$72866.01341201717,4060948M_4195682F,
Washington,6985464,11.140968858131506%,72.03840830449816%,3.384429065743947%,1.4107266435986163%,7.022006920415224%,0.609896193771627%,$64493.76768377254,3487725M_3497739F,
West Virginia,1851420,1.290909090909089%,92.17623966942146%,3.6628099173553723%,0.15268595041322316%,0.6824380165289253%,0.02644628099173554%,$41437.11157024794,913631M_937789F,
Wisconsin,5742117,6.683333333333334%,79.86400862068966%,8.195186781609202%,0.9536637931034483%,2.404238505747124%,0.020833333333333332%,$53898.889208633096,2851385M_2890732F,
Alabama,4830620,3.7516156462584975%,61.878656462585%,31.25297619047618%,0.4532312925170065%,1.0502551020408146%,0.03435374149659865%,$43296.35860306644,2341093M_2489527F,
Alaska,733375,5.909580838323351%,60.910179640718574%,2.8485029940119775%,16.39101796407186%,5.450299401197604%,1.0586826347305378%,$70354.74390243902,384160M_349215F,
Arizona,6641928,29.565921052631502%,57.120000000000026%,3.8509868421052658%,4.35506578947368%,2.876578947368419%,0.16763157894736833%,$54207.82095490716,3299088M_3342840F,
Arkansas,2958208,6.215474452554738%,71.13781021897813%,18.968759124087573%,0.5229197080291965%,1.1423357664233578%,0.14686131386861315%,$41935.63396778917,1451913M_1506295F,
California,38421464,37.291874687968054%,40.21578881677474%,5.677396405391911%,0.40529206190713685%,13.052234148776776%,0.35141038442336353%,$67264.78230266465,19087135M_19334329F,
Colorado,5278906,20.78438003220608%,69.89557165861504%,3.546376811594201%,0.5738325281803548%,2.661996779388082%,,$64657.801787164906,2648667M_2630239F,
Colorado,5278906,20.78438003220608%,69.89557165861504%,3.546376811594201%,0.5738325281803548%,2.661996779388082%,,$64657.801787164906,2648667M_2630239F,
Connecticut,3593222,15.604830917874388%,67.6770531400966%,10.34806763285027%,0.12620772946859898%,4.021980676328502%,0.018599033816425123%,$76146.5605875153,1751607M_1841615F,
Delaware,926454,8.82476635514019%,64.63271028037383%,20.743925233644834%,0.25981308411214965%,3.2686915887850483%,,$61827.97663551402,448413M_478041F,
District of Columbia,647484,9.165921787709499%,33.103910614525134%,51.77653631284915%,0.20055865921787713%,3.3832402234636865%,0.029608938547486034%,$75466.36363636363,306674M_340810F,
Florida,19645772,21.3385426653884%,59.08374880153398%,15.165675934803444%,0.2104506232023015%,2.2831735378715257%,0.05151006711409391%,$50690.194986743794,9600009M_10045763F,
Georgia,10006693,8.418242207460397%,54.28630556974962%,32.08829841594277%,0.18758303525804798%,3.0976494634644895%,0.046601941747572824%,$50811.08205128205,4883331M_5123362F,
Georgia,10006693,8.418242207460397%,54.28630556974962%,32.08829841594277%,0.18758303525804798%,3.0976494634644895%,0.046601941747572824%,$50811.08205128205,4883331M_5123362F,
Hawaii,1406299,9.186708860759486%,25.032278481012657%,2.052848101265823%,0.1449367088607596%,36.59208860759495%,8.758860759493672%,$73264.42628205128,709871M_696428F,
Idaho,1616547,11.505369127516781%,83.1362416107383%,0.5667785234899323%,1.468120805369128%,1.135906040268457%,0.1271812080536914%,$48017.31543624161,810464M_806083F,
Illinois,12873761,15.601733547351516%,60.85980738362764%,17.108410914927717%,0.11842696629213499%,4.475377207062604%,0.02003210272873195%,$59587.04887459807,6316899M_6556862F,
Indiana,6568645,6.536744186046501%,78.43189368770771%,11.18697674418606%,0.1940863787375415%,1.5782724252491687%,0.03262458471760798%,$48616.22784810127,3235263M_3333382F,
Iowa,3093526,5.30364520048603%,87.71968408262464%,3.2569866342648868%,0.2897934386391251%,1.699392466585662%,0.055164034021871235%,$53017.75304136253,1534595M_1558931F,
Iowa,3093526,5.30364520048603%,87.71968408262464%,3.2569866342648868%,0.2897934386391251%,1.699392466585662%,0.055164034021871235%,$53017.75304136253,1534595M_1558931F,
Kansas,2892987,11.644342105263148%,75.95828947368425%,6.5678947368421%,0.7339473684210529%,2.331052631578946%,,$53885.612648221344,1439862M_1453125F,
Kentucky,4397353,3.222993688007212%,85.2307484220019%,8.272317403065832%,0.1666366095581602%,1.1298467087466182%,0.046438232642019836%,$45285.80253623189,2164208M_2233145F,
Louisiana,4625253,4.866489361702128%,54.978546099290796%,36.32624113475175%,0.48430851063829816%,1.669060283687941%,0.039184397163120555%,$44957.99376114082,2261156M_2364097F,
Maine,1329100,1.4319088319088318%,93.70740740740736%,1.1344729344729356%,0.7883190883190888%,0.9658119658119669%,0.01566951566951567%,$49181.97435897436,650081M_679019F,
Maryland,5930538,8.47249820014399%,52.679049676026%,30.6777537796976%,0.20309575233981278%,5.325413966882652%,0.03628509719222463%,$78765.40072463769,2872643M_F,
Maryland,5930538,8.47249820014399%,52.679049676026%,30.6777537796976%,0.20309575233981278%,5.325413966882652%,0.03628509719222463%,$78765.40072463769,2872643M_F,
Massachusetts,6705586,11.461065573770476%,73.04105191256845%,6.83312841530056%,0.12827868852459007%,5.835655737704914%,0.0198087431693989%,$72838.93672627235,3249650M_3455936F,
Michigan,9900571,4.634992732558134%,72.38172238372084%,17.633103197674423%,0.48441133720930313%,2.4231104651162796%,0.01954941860465116%,$51201.83003663004,4861973M_5038598F,
Minnesota,5419171,5.152923538230896%,81.42706146926535%,5.65982008995502%,1.069040479760119%,4.156071964017996%,0.032908545727136446%,$62820.833959429,2692166M_2727005F,
Mississippi,2988081,2.842401215805473%,53.28632218844981%,41.491945288753804%,0.3899696048632216%,0.8764437689969605%,0.015045592705167175%,$38909.91920731707,1451723M_1536358F,
Missouri,6045448,4.037247838616718%,77.508069164265%,14.122118155619594%,0.36332853025936646%,1.6244956772334296%,0.10165706051873193%,$49763.98772563177,2964003M_3081445F,
Missouri,6045448,4.037247838616718%,77.508069164265%,14.122118155619594%,0.36332853025936646%,1.6244956772334296%,0.10165706051873193%,$49763.98772563177,2964003M_3081445F,
Montana,1014699,3.2688888888888896%,86.41555555555554%,0.4292592592592591%,7.0607407407407425%,0.5703703703703705%,0.07222222222222222%,$47645.682835820895,510163M_F,
Nebraska,1869365,9.203759398496235%,81.13947368421056%,4.956203007518794%,0.8644736842105263%,1.8590225563909788%,0.05714285714285715%,$55916.469696969696,929606M_939759F,
Nevada,2798636,27.100883652430046%,53.23932253313698%,7.739617083946994%,1.0871870397643593%,7.095729013254786%,0.5745213549337267%,$55526.525073746314,1407735M_1390901F,
New Hampshire,1324201,3.3219178082191796%,91.31917808219184%,1.2277397260273974%,0.14280821917808229%,2.191438356164382%,0.016095890410958904%,$68728.8595890411,653484M_670717F,
New Jersey,8904413,18.74950049950049%,56.488761238761285%,14.387862137862117%,0.11533466533466513%,8.159990009990018%,0.031318681318681325%,$76581.08341708542,4343027M_4561386F,
New Jersey,8904413,18.74950049950049%,56.488761238761285%,14.387862137862117%,0.11533466533466513%,8.159990009990018%,0.031318681318681325%,$76581.08341708542,4343027M_4561386F,
New Mexico,2084117,45.28293172690762%,40.69799196787147%,1.7550200803212852%,9.248594377510045%,1.23433734939759%,0.04277108433734938%,$47329.96787148595,1032414M_1051703F,
New York,19673174,17.241424747786684%,56.4701050030883%,15.668046119003515%,0.32163887173152117%,7.8971587399629355%,0.023450689726168417%,$64290.74911292006,9541801M_10131373F,
North Carolina,9845333,8.464762782128062%,64.5976508521419%,21.3951174573929%,1.0854905573468434%,2.317457392906495%,0.05232611699677568%,$49937.46413697362,4795408M_5049925F,
North Dakota,721640,2.832682926829267%,87.44829268292683%,1.2843902439024397%,5.651219512195119%,0.9619512195121945%,,$58188.112195121954,367963M_353677F,
Ohio,11575977,3.6720843250595037%,75.90306018361096%,16.207276436586163%,0.16888813328799712%,1.6210812648758952%,0.022645358721523304%,$49655.24846625767,5662893M_5913084F,
Ohio,11575977,3.6720843250595037%,75.90306018361096%,16.207276436586163%,0.16888813328799712%,1.6210812648758952%,0.022645358721523304%,$49655.24846625767,5662893M_5913084F,
Oklahoma,3849733,10.0799043062201%,66.05942583732046%,8.314736842105255%,6.716842105263157%,1.8011483253588516%,0.10622009569377985%,$48100.85426653883,1906944M_1942789F,
Oregon,3939233,11.441212121212132%,78.39551515151517%,1.730787878787877%,1.0002424242424257%,3.594909090909088%,0.3453333333333332%,$54271.90181818182,1948453M_1990780F,
Pennsylvania,12779559,6.128013741411624%,77.38385384134914%,11.633947532791995%,0.11926920674578385%,2.7977514053716495%,0.019394128669581522%,$56170.46451005025,6245344M_6534215F,
Puerto Rico,3583073,98.89357384441935%,0.7736189402480265%,0.0925591882750846%,0.0028184892897406984%,0.07519729425028186%,0.0012401352874859078%,$20720.538285714287,1713860M_1869213F,
Rhode Island,1053661,13.356666666666678%,74.32541666666665%,5.68291666666667%,0.3462500000000001%,3.2474999999999983%,0.035833333333333335%,$59125.270833333336,510388M_543273F,
Rhode Island,1053661,13.356666666666678%,74.32541666666665%,5.68291666666667%,0.3462500000000001%,3.2474999999999983%,0.035833333333333335%,$59125.270833333336,510388M_543273F,
South Carolina,4777576,5.056684981684991%,62.888736263736185%,28.75091575091577%,0.2923992673992673%,1.249175824175822%,0.046978021978021964%,$46296.807763401106,2322409M_2455167F,
South Dakota,843190,3.2396396396396376%,82.50090090090092%,1.4238738738738752%,9.417567567567566%,1.0193693693693688%,0.04189189189189189%,$51805.40540540541,423477M_419713F,
Tennessee,6499615,4.720026972353339%,73.49008766014822%,18.283816587997297%,0.22663519892110592%,1.4072825354012126%,0.04315576534052599%,$47328.083616587355,3167756M_3331859F,
Texas,26538614,38.04673809068304%,44.687908934379145%,11.65004782858236%,0.26114405969007126%,3.6696958102161825%,0.06881576430074614%,$55874.522600500095,13171316M_13367298F,
Utah,2903379,13.468376068376063%,79.40683760683764%,1.0179487179487194%,1.0813675213675222%,2.196068376068376%,0.8259829059829059%,$63488.91780821918,1459229M_1444150F,
Utah,2903379,13.468376068376063%,79.40683760683764%,1.0179487179487194%,1.0813675213675222%,2.196068376068376%,0.8259829059829059%,$63488.91780821918,1459229M_1444150F,
Vermont,626604,1.6092896174863391%,93.98306010928961%,0.9808743169398909%,0.301639344262295%,1.2387978142076501%,0.03060109289617486%,$55602.96721311475,308573M_318031F,
Virginia,8256630,8.0110164981373%,63.271048430015945%,20.17599787120807%,0.21245343267695582%,5.455242150079845%,0.06471527408195847%,$72866.01341201717,4060948M_4195682F,
Washington,6985464,11.140968858131506%,72.03840830449816%,3.384429065743947%,1.4107266435986163%,7.022006920415224%,0.609896193771627%,$64493.76768377254,3487725M_3497739F,
West Virginia,1851420,1.290909090909089%,92.17623966942146%,3.6628099173553723%,0.15268595041322316%,0.6824380165289253%,0.02644628099173554%,$41437.11157024794,913631M_937789F,
Wisconsin,5742117,6.683333333333334%,79.86400862068966%,8.195186781609202%,0.9536637931034483%,2.404238505747124%,0.020833333333333332%,$53898.889208633096,2851385M_2890732F,
Alabama,4830620,3.7516156462584975%,61.878656462585%,31.25297619047618%,0.4532312925170065%,1.0502551020408146%,0.03435374149659865%,$43296.35860306644,2341093M_2489527F,
Alaska,733375,5.909580838323351%,60.910179640718574%,2.8485029940119775%,16.39101796407186%,5.450299401197604%,1.0586826347305378%,$70354.74390243902,384160M_349215F,
Arizona,6641928,29.565921052631502%,57.120000000000026%,3.8509868421052658%,4.35506578947368%,2.876578947368419%,0.16763157894736833%,$54207.82095490716,3299088M_3342840F,
Arkansas,2958208,6.215474452554738%,71.13781021897813%,18.968759124087573%,0.5229197080291965%,1.1423357664233578%,0.14686131386861315%,$41935.63396778917,1451913M_1506295F,
California,38421464,37.291874687968054%,40.21578881677474%,5.677396405391911%,0.40529206190713685%,13.052234148776776%,0.35141038442336353%,$67264.78230266465,19087135M_19334329F,
Colorado,5278906,20.78438003220608%,69.89557165861504%,3.546376811594201%,0.5738325281803548%,2.661996779388082%,,$64657.801787164906,2648667M_2630239F,
Colorado,5278906,20.78438003220608%,69.89557165861504%,3.546376811594201%,0.5738325281803548%,2.661996779388082%,,$64657.801787164906,2648667M_2630239F,
Connecticut,3593222,15.604830917874388%,67.6770531400966%,10.34806763285027%,0.12620772946859898%,4.021980676328502%,0.018599033816425123%,$76146.5605875153,1751607M_1841615F,
Delaware,926454,8.82476635514019%,64.63271028037383%,20.743925233644834%,0.25981308411214965%,3.2686915887850483%,,$61827.97663551402,448413M_478041F,
District of Columbia,647484,9.165921787709499%,33.103910614525134%,51.77653631284915%,0.20055865921787713%,3.3832402234636865%,0.029608938547486034%,$75466.36363636363,306674M_340810F,
Florida,19645772,21.3385426653884%,59.08374880153398%,15.165675934803444%,0.2104506232023015%,2.2831735378715257%,0.05151006711409391%,$50690.194986743794,9600009M_10045763F,
Georgia,10006693,8.418242207460397%,54.28630556974962%,32.08829841594277%,0.18758303525804798%,3.0976494634644895%,0.046601941747572824%,$50811.08205128205,4883331M_5123362F,
Georgia,10006693,8.418242207460397%,54.28630556974962%,32.08829841594277%,0.18758303525804798%,3.0976494634644895%,0.046601941747572824%,$50811.08205128205,4883331M_5123362F,
Hawaii,1406299,9.186708860759486%,25.032278481012657%,2.052848101265823%,0.1449367088607596%,36.59208860759495%,8.758860759493672%,$73264.42628205128,709871M_696428F,
Idaho,1616547,11.505369127516781%,83.1362416107383%,0.5667785234899323%,1.468120805369128%,1.135906040268457%,0.1271812080536914%,$48017.31543624161,810464M_806083F,
Illinois,12873761,15.601733547351516%,60.85980738362764%,17.108410914927717%,0.11842696629213499%,4.475377207062604%,0.02003210272873195%,$59587.04887459807,6316899M_6556862F,
Indiana,6568645,6.536744186046501%,78.43189368770771%,11.18697674418606%,0.1940863787375415%,1.5782724252491687%,0.03262458471760798%,$48616.22784810127,3235263M_3333382F,
Iowa,3093526,5.30364520048603%,87.71968408262464%,3.2569866342648868%,0.2897934386391251%,1.699392466585662%,0.055164034021871235%,$53017.75304136253,1534595M_1558931F,
Iowa,3093526,5.30364520048603%,87.71968408262464%,3.2569866342648868%,0.2897934386391251%,1.699392466585662%,0.055164034021871235%,$53017.75304136253,1534595M_1558931F,
Kansas,2892987,11.644342105263148%,75.95828947368425%,6.5678947368421%,0.7339473684210529%,2.331052631578946%,,$53885.612648221344,1439862M_1453125F,
Kentucky,4397353,3.222993688007212%,85.2307484220019%,8.272317403065832%,0.1666366095581602%,1.1298467087466182%,0.046438232642019836%,$45285.80253623189,2164208M_2233145F,
Louisiana,4625253,4.866489361702128%,54.978546099290796%,36.32624113475175%,0.48430851063829816%,1.669060283687941%,0.039184397163120555%,$44957.99376114082,2261156M_2364097F,
Maine,1329100,1.4319088319088318%,93.70740740740736%,1.1344729344729356%,0.7883190883190888%,0.9658119658119669%,0.01566951566951567%,$49181.97435897436,650081M_679019F,
Maryland,5930538,8.47249820014399%,52.679049676026%,30.6777537796976%,0.20309575233981278%,5.325413966882652%,0.03628509719222463%,$78765.40072463769,2872643M_F,
Maryland,5930538,8.47249820014399%,52.679049676026%,30.6777537796976%,0.20309575233981278%,5.325413966882652%,0.03628509719222463%,$78765.40072463769,2872643M_F,
Massachusetts,6705586,11.461065573770476%,73.04105191256845%,6.83312841530056%,0.12827868852459007%,5.835655737704914%,0.0198087431693989%,$72838.93672627235,3249650M_3455936F,
Michigan,9900571,4.634992732558134%,72.38172238372084%,17.633103197674423%,0.48441133720930313%,2.4231104651162796%,0.01954941860465116%,$51201.83003663004,4861973M_5038598F,
Minnesota,5419171,5.152923538230896%,81.42706146926535%,5.65982008995502%,1.069040479760119%,4.156071964017996%,0.032908545727136446%,$62820.833959429,2692166M_2727005F,
Mississippi,2988081,2.842401215805473%,53.28632218844981%,41.491945288753804%,0.3899696048632216%,0.8764437689969605%,0.015045592705167175%,$38909.91920731707,1451723M_1536358F,
Missouri,6045448,4.037247838616718%,77.508069164265%,14.122118155619594%,0.36332853025936646%,1.6244956772334296%,0.10165706051873193%,$49763.98772563177,2964003M_3081445F,
Missouri,6045448,4.037247838616718%,77.508069164265%,14.122118155619594%,0.36332853025936646%,1.6244956772334296%,0.10165706051873193%,$49763.98772563177,2964003M_3081445F,
Montana,1014699,3.2688888888888896%,86.41555555555554%,0.4292592592592591%,7.0607407407407425%,0.5703703703703705%,0.07222222222222222%,$47645.682835820895,510163M_F,
Nebraska,1869365,9.203759398496235%,81.13947368421056%,4.956203007518794%,0.8644736842105263%,1.8590225563909788%,0.05714285714285715%,$55916.469696969696,929606M_939759F,
Nevada,2798636,27.100883652430046%,53.23932253313698%,7.739617083946994%,1.0871870397643593%,7.095729013254786%,0.5745213549337267%,$55526.525073746314,1407735M_1390901F,
New Hampshire,1324201,3.3219178082191796%,91.31917808219184%,1.2277397260273974%,0.14280821917808229%,2.191438356164382%,0.016095890410958904%,$68728.8595890411,653484M_670717F,
New Jersey,8904413,18.74950049950049%,56.488761238761285%,14.387862137862117%,0.11533466533466513%,8.159990009990018%,0.031318681318681325%,$76581.08341708542,4343027M_4561386F,
New Jersey,8904413,18.74950049950049%,56.488761238761285%,14.387862137862117%,0.11533466533466513%,8.159990009990018%,0.031318681318681325%,$76581.08341708542,4343027M_4561386F,
New Mexico,2084117,45.28293172690762%,40.69799196787147%,1.7550200803212852%,9.248594377510045%,1.23433734939759%,0.04277108433734938%,$47329.96787148595,1032414M_1051703F,
New York,19673174,17.241424747786684%,56.4701050030883%,15.668046119003515%,0.32163887173152117%,7.8971587399629355%,0.023450689726168417%,$64290.74911292006,9541801M_10131373F,
North Carolina,9845333,8.464762782128062%,64.5976508521419%,21.3951174573929%,1.0854905573468434%,2.317457392906495%,0.05232611699677568%,$49937.46413697362,4795408M_5049925F,
North Dakota,721640,2.832682926829267%,87.44829268292683%,1.2843902439024397%,5.651219512195119%,0.9619512195121945%,,$58188.112195121954,367963M_353677F,
Ohio,11575977,3.6720843250595037%,75.90306018361096%,16.207276436586163%,0.16888813328799712%,1.6210812648758952%,0.022645358721523304%,$49655.24846625767,5662893M_5913084F,
Ohio,11575977,3.6720843250595037%,75.90306018361096%,16.207276436586163%,0.16888813328799712%,1.6210812648758952%,0.022645358721523304%,$49655.24846625767,5662893M_5913084F,
Oklahoma,3849733,10.0799043062201%,66.05942583732046%,8.314736842105255%,6.716842105263157%,1.8011483253588516%,0.10622009569377985%,$48100.85426653883,1906944M_1942789F,
Oregon,3939233,11.441212121212132%,78.39551515151517%,1.730787878787877%,1.0002424242424257%,3.594909090909088%,0.3453333333333332%,$54271.90181818182,1948453M_1990780F,
Pennsylvania,12779559,6.128013741411624%,77.38385384134914%,11.633947532791995%,0.11926920674578385%,2.7977514053716495%,0.019394128669581522%,$56170.46451005025,6245344M_6534215F,
Puerto Rico,3583073,98.89357384441935%,0.7736189402480265%,0.0925591882750846%,0.0028184892897406984%,0.07519729425028186%,0.0012401352874859078%,$20720.538285714287,1713860M_1869213F,
Rhode Island,1053661,13.356666666666678%,74.32541666666665%,5.68291666666667%,0.3462500000000001%,3.2474999999999983%,0.035833333333333335%,$59125.270833333336,510388M_543273F,
Rhode Island,1053661,13.356666666666678%,74.32541666666665%,5.68291666666667%,0.3462500000000001%,3.2474999999999983%,0.035833333333333335%,$59125.270833333336,510388M_543273F,
South Carolina,4777576,5.056684981684991%,62.888736263736185%,28.75091575091577%,0.2923992673992673%,1.249175824175822%,0.046978021978021964%,$46296.807763401106,2322409M_2455167F,
South Dakota,843190,3.2396396396396376%,82.50090090090092%,1.4238738738738752%,9.417567567567566%,1.0193693693693688%,0.04189189189189189%,$51805.40540540541,423477M_419713F,
Tennessee,6499615,4.720026972353339%,73.49008766014822%,18.283816587997297%,0.22663519892110592%,1.4072825354012126%,0.04315576534052599%,$47328.083616587355,3167756M_3331859F,
Texas,26538614,38.04673809068304%,44.687908934379145%,11.65004782858236%,0.26114405969007126%,3.6696958102161825%,0.06881576430074614%,$55874.522600500095,13171316M_13367298F,
Utah,2903379,13.468376068376063%,79.40683760683764%,1.0179487179487194%,1.0813675213675222%,2.196068376068376%,0.8259829059829059%,$63488.91780821918,1459229M_1444150F,
Utah,2903379,13.468376068376063%,79.40683760683764%,1.0179487179487194%,1.0813675213675222%,2.196068376068376%,0.8259829059829059%,$63488.91780821918,1459229M_1444150F,
Vermont,626604,1.6092896174863391%,93.98306010928961%,0.9808743169398909%,0.301639344262295%,1.2387978142076501%,0.03060109289617486%,$55602.96721311475,308573M_318031F,
Virginia,8256630,8.0110164981373%,63.271048430015945%,20.17599787120807%,0.21245343267695582%,5.455242150079845%,0.06471527408195847%,$72866.01341201717,4060948M_4195682F,
Washington,6985464,11.140968858131506%,72.03840830449816%,3.384429065743947%,1.4107266435986163%,7.022006920415224%,0.609896193771627%,$64493.76768377254,3487725M_3497739F,
West Virginia,1851420,1.290909090909089%,92.17623966942146%,3.6628099173553723%,0.15268595041322316%,0.6824380165289253%,0.02644628099173554%,$41437.11157024794,913631M_937789F,
Wisconsin,5742117,6.683333333333334%,79.86400862068966%,8.195186781609202%,0.9536637931034483%,2.404238505747124%,0.020833333333333332%,$53898.889208633096,2851385M_2890732F,
Alabama,4830620,3.7516156462584975%,61.878656462585%,31.25297619047618%,0.4532312925170065%,1.0502551020408146%,0.03435374149659865%,$43296.35860306644,2341093M_2489527F,0.0
Alaska,733375,5.909580838323351%,60.910179640718574%,2.8485029940119775%,16.39101796407186%,5.450299401197604%,1.0586826347305378%,$70354.74390243902,384160M_349215F,1.0
Arizona,6641928,29.565921052631502%,57.120000000000026%,3.8509868421052658%,4.35506578947368%,2.876578947368419%,0.16763157894736833%,$54207.82095490716,3299088M_3342840F,2.0
Arkansas,2958208,6.215474452554738%,71.13781021897813%,18.968759124087573%,0.5229197080291965%,1.1423357664233578%,0.14686131386861315%,$41935.63396778917,1451913M_1506295F,3.0
California,38421464,37.291874687968054%,40.21578881677474%,5.677396405391911%,0.40529206190713685%,13.052234148776776%,0.35141038442336353%,$67264.78230266465,19087135M_19334329F,4.0
Colorado,5278906,20.78438003220608%,69.89557165861504%,3.546376811594201%,0.5738325281803548%,2.661996779388082%,,$64657.801787164906,2648667M_2630239F,5.0
Colorado,5278906,20.78438003220608%,69.89557165861504%,3.546376811594201%,0.5738325281803548%,2.661996779388082%,,$64657.801787164906,2648667M_2630239F,0.0
Connecticut,3593222,15.604830917874388%,67.6770531400966%,10.34806763285027%,0.12620772946859898%,4.021980676328502%,0.018599033816425123%,$76146.5605875153,1751607M_1841615F,1.0
Delaware,926454,8.82476635514019%,64.63271028037383%,20.743925233644834%,0.25981308411214965%,3.2686915887850483%,,$61827.97663551402,448413M_478041F,2.0
District of Columbia,647484,9.165921787709499%,33.103910614525134%,51.77653631284915%,0.20055865921787713%,3.3832402234636865%,0.029608938547486034%,$75466.36363636363,306674M_340810F,3.0
Florida,19645772,21.3385426653884%,59.08374880153398%,15.165675934803444%,0.2104506232023015%,2.2831735378715257%,0.05151006711409391%,$50690.194986743794,9600009M_10045763F,4.0
Georgia,10006693,8.418242207460397%,54.28630556974962%,32.08829841594277%,0.18758303525804798%,3.0976494634644895%,0.046601941747572824%,$50811.08205128205,4883331M_5123362F,5.0
Georgia,10006693,8.418242207460397%,54.28630556974962%,32.08829841594277%,0.18758303525804798%,3.0976494634644895%,0.046601941747572824%,$50811.08205128205,4883331M_5123362F,0.0
Hawaii,1406299,9.186708860759486%,25.032278481012657%,2.052848101265823%,0.1449367088607596%,36.59208860759495%,8.758860759493672%,$73264.42628205128,709871M_696428F,1.0
Idaho,1616547,11.505369127516781%,83.1362416107383%,0.5667785234899323%,1.468120805369128%,1.135906040268457%,0.1271812080536914%,$48017.31543624161,810464M_806083F,2.0
Illinois,12873761,15.601733547351516%,60.85980738362764%,17.108410914927717%,0.11842696629213499%,4.475377207062604%,0.02003210272873195%,$59587.04887459807,6316899M_6556862F,3.0
Indiana,6568645,6.536744186046501%,78.43189368770771%,11.18697674418606%,0.1940863787375415%,1.5782724252491687%,0.03262458471760798%,$48616.22784810127,3235263M_3333382F,4.0
Iowa,3093526,5.30364520048603%,87.71968408262464%,3.2569866342648868%,0.2897934386391251%,1.699392466585662%,0.055164034021871235%,$53017.75304136253,1534595M_1558931F,5.0
Iowa,3093526,5.30364520048603%,87.71968408262464%,3.2569866342648868%,0.2897934386391251%,1.699392466585662%,0.055164034021871235%,$53017.75304136253,1534595M_1558931F,0.0
Kansas,2892987,11.644342105263148%,75.95828947368425%,6.5678947368421%,0.7339473684210529%,2.331052631578946%,,$53885.612648221344,1439862M_1453125F,1.0
Kentucky,4397353,3.222993688007212%,85.2307484220019%,8.272317403065832%,0.1666366095581602%,1.1298467087466182%,0.046438232642019836%,$45285.80253623189,2164208M_2233145F,2.0
Louisiana,4625253,4.866489361702128%,54.978546099290796%,36.32624113475175%,0.48430851063829816%,1.669060283687941%,0.039184397163120555%,$44957.99376114082,2261156M_2364097F,3.0
Maine,1329100,1.4319088319088318%,93.70740740740736%,1.1344729344729356%,0.7883190883190888%,0.9658119658119669%,0.01566951566951567%,$49181.97435897436,650081M_679019F,4.0
Maryland,5930538,8.47249820014399%,52.679049676026%,30.6777537796976%,0.20309575233981278%,5.325413966882652%,0.03628509719222463%,$78765.40072463769,2872643M_F,5.0
Maryland,5930538,8.47249820014399%,52.679049676026%,30.6777537796976%,0.20309575233981278%,5.325413966882652%,0.03628509719222463%,$78765.40072463769,2872643M_F,0.0
Massachusetts,6705586,11.461065573770476%,73.04105191256845%,6.83312841530056%,0.12827868852459007%,5.835655737704914%,0.0198087431693989%,$72838.93672627235,3249650M_3455936F,1.0
Michigan,9900571,4.634992732558134%,72.38172238372084%,17.633103197674423%,0.48441133720930313%,2.4231104651162796%,0.01954941860465116%,$51201.83003663004,4861973M_5038598F,2.0
Minnesota,5419171,5.152923538230896%,81.42706146926535%,5.65982008995502%,1.069040479760119%,4.156071964017996%,0.032908545727136446%,$62820.833959429,2692166M_2727005F,3.0
Mississippi,2988081,2.842401215805473%,53.28632218844981%,41.491945288753804%,0.3899696048632216%,0.8764437689969605%,0.015045592705167175%,$38909.91920731707,1451723M_1536358F,4.0
Missouri,6045448,4.037247838616718%,77.508069164265%,14.122118155619594%,0.36332853025936646%,1.6244956772334296%,0.10165706051873193%,$49763.98772563177,2964003M_3081445F,5.0
Missouri,6045448,4.037247838616718%,77.508069164265%,14.122118155619594%,0.36332853025936646%,1.6244956772334296%,0.10165706051873193%,$49763.98772563177,2964003M_3081445F,0.0
Montana,1014699,3.2688888888888896%,86.41555555555554%,0.4292592592592591%,7.0607407407407425%,0.5703703703703705%,0.07222222222222222%,$47645.682835820895,510163M_F,1.0
Nebraska,1869365,9.203759398496235%,81.13947368421056%,4.956203007518794%,0.8644736842105263%,1.8590225563909788%,0.05714285714285715%,$55916.469696969696,929606M_939759F,2.0
Nevada,2798636,27.100883652430046%,53.23932253313698%,7.739617083946994%,1.0871870397643593%,7.095729013254786%,0.5745213549337267%,$55526.525073746314,1407735M_1390901F,3.0
New Hampshire,1324201,3.3219178082191796%,91.31917808219184%,1.2277397260273974%,0.14280821917808229%,2.191438356164382%,0.016095890410958904%,$68728.8595890411,653484M_670717F,4.0
New Jersey,8904413,18.74950049950049%,56.488761238761285%,14.387862137862117%,0.11533466533466513%,8.159990009990018%,0.031318681318681325%,$76581.08341708542,4343027M_4561386F,5.0
New Jersey,8904413,18.74950049950049%,56.488761238761285%,14.387862137862117%,0.11533466533466513%,8.159990009990018%,0.031318681318681325%,$76581.08341708542,4343027M_4561386F,0.0
New Mexico,2084117,45.28293172690762%,40.69799196787147%,1.7550200803212852%,9.248594377510045%,1.23433734939759%,0.04277108433734938%,$47329.96787148595,1032414M_1051703F,1.0
New York,19673174,17.241424747786684%,56.4701050030883%,15.668046119003515%,0.32163887173152117%,7.8971587399629355%,0.023450689726168417%,$64290.74911292006,9541801M_10131373F,2.0
North Carolina,9845333,8.464762782128062%,64.5976508521419%,21.3951174573929%,1.0854905573468434%,2.317457392906495%,0.05232611699677568%,$49937.46413697362,4795408M_5049925F,3.0
North Dakota,721640,2.832682926829267%,87.44829268292683%,1.2843902439024397%,5.651219512195119%,0.9619512195121945%,,$58188.112195121954,367963M_353677F,4.0
Ohio,11575977,3.6720843250595037%,75.90306018361096%,16.207276436586163%,0.16888813328799712%,1.6210812648758952%,0.022645358721523304%,$49655.24846625767,5662893M_5913084F,5.0
Ohio,11575977,3.6720843250595037%,75.90306018361096%,16.207276436586163%,0.16888813328799712%,1.6210812648758952%,0.022645358721523304%,$49655.24846625767,5662893M_5913084F,0.0
Oklahoma,3849733,10.0799043062201%,66.05942583732046%,8.314736842105255%,6.716842105263157%,1.8011483253588516%,0.10622009569377985%,$48100.85426653883,1906944M_1942789F,1.0
Oregon,3939233,11.441212121212132%,78.39551515151517%,1.730787878787877%,1.0002424242424257%,3.594909090909088%,0.3453333333333332%,$54271.90181818182,1948453M_1990780F,2.0
Pennsylvania,12779559,6.128013741411624%,77.38385384134914%,11.633947532791995%,0.11926920674578385%,2.7977514053716495%,0.019394128669581522%,$56170.46451005025,6245344M_6534215F,3.0
Puerto Rico,3583073,98.89357384441935%,0.7736189402480265%,0.0925591882750846%,0.0028184892897406984%,0.07519729425028186%,0.0012401352874859078%,$20720.538285714287,1713860M_1869213F,4.0
Rhode Island,1053661,13.356666666666678%,74.32541666666665%,5.68291666666667%,0.3462500000000001%,3.2474999999999983%,0.035833333333333335%,$59125.270833333336,510388M_543273F,5.0
Rhode Island,1053661,13.356666666666678%,74.32541666666665%,5.68291666666667%,0.3462500000000001%,3.2474999999999983%,0.035833333333333335%,$59125.270833333336,510388M_543273F,0.0
South Carolina,4777576,5.056684981684991%,62.888736263736185%,28.75091575091577%,0.2923992673992673%,1.249175824175822%,0.046978021978021964%,$46296.807763401106,2322409M_2455167F,1.0
South Dakota,843190,3.2396396396396376%,82.50090090090092%,1.4238738738738752%,9.417567567567566%,1.0193693693693688%,0.04189189189189189%,$51805.40540540541,423477M_419713F,2.0
Tennessee,6499615,4.720026972353339%,73.49008766014822%,18.283816587997297%,0.22663519892110592%,1.4072825354012126%,0.04315576534052599%,$47328.083616587355,3167756M_3331859F,3.0
Texas,26538614,38.04673809068304%,44.687908934379145%,11.65004782858236%,0.26114405969007126%,3.6696958102161825%,0.06881576430074614%,$55874.522600500095,13171316M_13367298F,4.0
Utah,2903379,13.468376068376063%,79.40683760683764%,1.0179487179487194%,1.0813675213675222%,2.196068376068376%,0.8259829059829059%,$63488.91780821918,1459229M_1444150F,5.0
Utah,2903379,13.468376068376063%,79.40683760683764%,1.0179487179487194%,1.0813675213675222%,2.196068376068376%,0.8259829059829059%,$63488.91780821918,1459229M_1444150F,0.0
Vermont,626604,1.6092896174863391%,93.98306010928961%,0.9808743169398909%,0.301639344262295%,1.2387978142076501%,0.03060109289617486%,$55602.96721311475,308573M_318031F,1.0
Virginia,8256630,8.0110164981373%,63.271048430015945%,20.17599787120807%,0.21245343267695582%,5.455242150079845%,0.06471527408195847%,$72866.01341201717,4060948M_4195682F,2.0
Washington,6985464,11.140968858131506%,72.03840830449816%,3.384429065743947%,1.4107266435986163%,7.022006920415224%,0.609896193771627%,$64493.76768377254,3487725M_3497739F,3.0
West Virginia,1851420,1.290909090909089%,92.17623966942146%,3.6628099173553723%,0.15268595041322316%,0.6824380165289253%,0.02644628099173554%,$41437.11157024794,913631M_937789F,4.0
Wisconsin,5742117,6.683333333333334%,79.86400862068966%,8.195186781609202%,0.9536637931034483%,2.404238505747124%,0.020833333333333332%,$53898.889208633096,2851385M_2890732F,5.0
